<?xml version="1.0" encoding="utf-8"?>

<PackageConfiguration xmlns="http://www.microsoft.com/schemas/dcm/configuration/2008">
  <Execution>
    <Package Path="%windir%\diagnostics\system\Apps"/>
    <Package Path="%windir%\diagnostics\system\BITS" />
    <Name>@%windir%\diagnostics\system\Apps\DiagPackage.dll,-1</Name>
    <Description>@%windir%\diagnostics\system\Apps\DiagPackage.dll,-2</Description>
    <Icon>@%windir%\diagnostics\system\Apps\DiagPackage.dll,-1001</Icon>
    <Glyph>@%windir%\diagnostics\system\Apps\DiagPackage.dll,-13</Glyph>
  </Execution>
  <Index>

    <Id>AppsDiagnostic</Id>
    <RequiresAdminPrivileges>true</RequiresAdminPrivileges>
    <PrivacyUrl>http://go.microsoft.com/fwlink/?LinkId=534597</PrivacyUrl>
    <Version>4.0</Version>
    <PublisherName>Microsoft Corporation</PublisherName>
    <Category>@%windir%\system32\DiagCpl.dll,-412</Category>
    <Keyword>@%windir%\system32\DiagCpl.dll,-24</Keyword>
    <Keyword>@%windir%\diagnostics\system\Apps\DiagPackage.dll,-10</Keyword>
    <Keyword>@%windir%\diagnostics\system\Apps\DiagPackage.dll,-11</Keyword>
    <Keyword>@%windir%\diagnostics\system\Apps\DiagPackage.dll,-12</Keyword>
  </Index>
</PackageConfiguration>