<?xml version="1.0" encoding="utf-8"?>
<PackageConfiguration xmlns="http://www.microsoft.com/schemas/dcm/configuration/2008">
  <Execution>
    <Package Path="%windir%\diagnostics\system\Audio">
      <Answers Version="1.0">
        <Interaction ID="IT_GetDeviceType">
          <Value>Render</Value>
        </Interaction>
      </Answers>
    </Package>
    <Package Path="%windir%\diagnostics\system\Device">
      <Answers Version="1.0">
        <Interaction ID="IT_SelectDevice">
          <Value>%DEVICEID%</Value>
        </Interaction>
      </Answers>
      <RequiredContext>
          <Parameter>DEVICEID</Parameter>
      </RequiredContext>
    </Package>
    <Name>@%windir%\diagnostics\system\Audio\DiagPackage.dll,-32</Name>
    <Description>@%windir%\diagnostics\system\Audio\DiagPackage.dll,-30</Description>
    <Icon>@%windir%\diagnostics\system\Audio\DiagPackage.dll,-1001</Icon>
    <Glyph>@%windir%\diagnostics\system\Audio\DiagPackage.dll,-38</Glyph>
  </Execution>

  <Index>
    <Id>AudioPlaybackDiagnostic</Id>
    <RequiresAdminPrivileges>true</RequiresAdminPrivileges>
    <PrivacyUrl>https://go.microsoft.com/fwlink/?LinkId=534597</PrivacyUrl>
    <Version>4.5</Version>
    <PublisherName>Microsoft Corporation</PublisherName>
    <Category>@%windir%\system32\DiagCpl.dll,-401</Category>
    <Keyword>@%windir%\system32\DiagCpl.dll,-24</Keyword>
    <Keyword>@%windir%\diagnostics\system\Audio\DiagPackage.dll,-12</Keyword>
    <Keyword>@%windir%\diagnostics\system\Audio\DiagPackage.dll,-13</Keyword>
    <Keyword>@%windir%\diagnostics\system\Audio\DiagPackage.dll,-14</Keyword>
    <Keyword>@%windir%\diagnostics\system\Audio\DiagPackage.dll,-15</Keyword>
    <Keyword>@%windir%\diagnostics\system\Audio\DiagPackage.dll,-16</Keyword>
    <Keyword>@%windir%\diagnostics\system\Audio\DiagPackage.dll,-17</Keyword>
    <Keyword>@%windir%\diagnostics\system\Audio\DiagPackage.dll,-19</Keyword>
    <Keyword>@%windir%\diagnostics\system\Audio\DiagPackage.dll,-34</Keyword>
    <Keyword>@%windir%\diagnostics\system\Audio\DiagPackage.dll,-37</Keyword>
  </Index>
</PackageConfiguration>