<?xml version="1.0" encoding="UTF-8"?>

<PackageConfiguration xmlns="http://www.microsoft.com/schemas/dcm/configuration/2008">
<Execution>
<Package Path="%windir%\diagnostics\system\BITS"/>
<Name>@%windir%\diagnostics\system\BITS\DiagPackage.dll,-20400</Name>
<Description>@%windir%\diagnostics\system\BITS\DiagPackage.dll,-20401</Description>
<Icon>@%windir%\diagnostics\system\BITS\DiagPackage.dll,-1001</Icon>
</Execution>
<Index>

<Id>BITSDiagnostic</Id>
<RequiresAdminPrivileges>true</RequiresAdminPrivileges>
<PrivacyUrl>https://go.microsoft.com/fwlink/?LinkId=534597</PrivacyUrl>
<Version>3.5</Version>
<PublisherName>Microsoft Corporation</PublisherName>
<Category>@%windir%\system32\DiagCpl.dll,-412</Category>
<Keyword>@%windir%\system32\DiagCpl.dll,-24</Keyword>
<Keyword>@%windir%\diagnostics\system\BITS\DiagPackage.dll,-10</Keyword>
<Keyword>@%windir%\diagnostics\system\BITS\DiagPackage.dll,-20</Keyword>
<Keyword>@%windir%\diagnostics\system\BITS\DiagPackage.dll,-30</Keyword>
<Keyword>@%windir%\diagnostics\system\BITS\DiagPackage.dll,-40</Keyword>
</Index>
</PackageConfiguration>