<?xml version="1.0" encoding="utf-8"?>
<PackageConfiguration xmlns="http://www.microsoft.com/schemas/dcm/configuration/2008">
  <Execution>
    <Package Path="%windir%\diagnostics\system\Bluetooth" />
    <Name>@%windir%\diagnostics\system\Bluetooth\DiagPackage.dll,-1</Name>
    <Description>@%windir%\diagnostics\system\Bluetooth\DiagPackage.dll,-2</Description>
    <Icon>@%windir%\system32\bthprops.cpl,-151</Icon>
    <Glyph>@%windir%\diagnostics\system\Bluetooth\DiagPackage.dll,-200</Glyph>
  </Execution>
  <Index>
    <Id>BluetoothDiagnostic</Id>
    <RequiresAdminPrivileges>true</RequiresAdminPrivileges>
    <PrivacyUrl>https://go.microsoft.com/fwlink/?LinkId=534597</PrivacyUrl>
    <Version>1.0</Version>
    <PublisherName>Microsoft Corporation</PublisherName>
    <Category>@%windir%\system32\DiagCpl.dll,-412</Category>
    <Keyword>@%windir%\system32\DiagCpl.dll,-24</Keyword>
    <Keyword>@%windir%\diagnostics\system\Bluetooth\DiagPackage.dll,-100</Keyword>
    <Keyword>@%windir%\diagnostics\system\Bluetooth\DiagPackage.dll,-101</Keyword>
    <Keyword>@%windir%\diagnostics\system\Bluetooth\DiagPackage.dll,-102</Keyword>
    <Keyword>@%windir%\diagnostics\system\Bluetooth\DiagPackage.dll,-103</Keyword>
    <Keyword>@%windir%\diagnostics\system\Bluetooth\DiagPackage.dll,-104</Keyword>
    <Keyword>@%windir%\diagnostics\system\Bluetooth\DiagPackage.dll,-105</Keyword>
    <Keyword>@%windir%\diagnostics\system\Bluetooth\DiagPackage.dll,-106</Keyword>
    <Keyword>@%windir%\diagnostics\system\Bluetooth\DiagPackage.dll,-107</Keyword>
    <Keyword>@%windir%\diagnostics\system\Bluetooth\DiagPackage.dll,-108</Keyword>
    <Keyword>@%windir%\diagnostics\system\Bluetooth\DiagPackage.dll,-109</Keyword>
    <Keyword>@%windir%\diagnostics\system\Bluetooth\DiagPackage.dll,-110</Keyword>
    <Keyword>@%windir%\diagnostics\system\Bluetooth\DiagPackage.dll,-111</Keyword>
    <Keyword>@%windir%\diagnostics\system\Bluetooth\DiagPackage.dll,-112</Keyword>
  </Index>
</PackageConfiguration>