<?xml version="1.0" encoding="utf-8"?>
<PackageConfiguration xmlns="http://www.microsoft.com/schemas/dcm/configuration/2008">
  <Execution>
    <Package Path="%windir%\diagnostics\system\Device">
        <Answers Version="1.0">
            <Interaction ID="IT_SelectDevice">
                <Value>None</Value>
            </Interaction>
        </Answers>
    </Package>
    <Name>@%windir%\diagnostics\system\Device\DiagPackage.dll,-1</Name>
    <Description>@%windir%\diagnostics\system\Device\DiagPackage.dll,-2</Description>
    <Icon>@%windir%\diagnostics\system\Device\DiagPackage.dll,-100</Icon>
    <Glyph>@%windir%\diagnostics\system\Device\DiagPackage.dll,-1006</Glyph>
  </Execution>
  <Index>
    <Id>DeviceDiagnostic</Id>
    <RequiresAdminPrivileges>true</RequiresAdminPrivileges>
    <PrivacyUrl>https://go.microsoft.com/fwlink/?LinkId=534597</PrivacyUrl>
    <Version>4.1</Version>
    <PublisherName>Microsoft Corporation</PublisherName>
    <Category>@%windir%\system32\DiagCpl.dll,-402</Category>
  </Index>
</PackageConfiguration>
