<?xml version="1.0" encoding="utf-8"?>
<PackageConfiguration xmlns="http://www.microsoft.com/schemas/dcm/configuration/2008">
  <Execution>
    <Package Path="%windir%\diagnostics\system\IEBrowseWeb" />
    <Name>@%windir%\diagnostics\system\IEBrowseWeb\DiagPackage.dll,-1</Name>
    <Description>@%windir%\diagnostics\system\IEBrowseWeb\DiagPackage.dll,-2</Description>
    <Icon>@%windir%\diagnostics\system\IEBrowseWeb\DiagPackage.dll,-1001</Icon>
  </Execution>

  <Index>
    <Id>IEBrowseWebDiagnostic</Id>
    <RequiresAdminPrivileges>false</RequiresAdminPrivileges>
    <PrivacyUrl>http://go.microsoft.com/fwlink/?LinkId=190175</PrivacyUrl>
    <Version>1.0</Version>
    <PublisherName>Microsoft Corporation</PublisherName>
    <Category>@%windir%\system32\DiagCpl.dll,-404</Category>
    <Keyword>@%windir%\system32\DiagCpl.dll,-20</Keyword>
    <Keyword>@%windir%\diagnostics\system\IEBrowseWeb\DiagPackage.dll,-100</Keyword>
    <Keyword>@%windir%\diagnostics\system\IEBrowseWeb\DiagPackage.dll,-101</Keyword>
    <Keyword>@%windir%\diagnostics\system\IEBrowseWeb\DiagPackage.dll,-102</Keyword>
    <Keyword>@%windir%\diagnostics\system\IEBrowseWeb\DiagPackage.dll,-103</Keyword>
    <Keyword>@%windir%\diagnostics\system\IEBrowseWeb\DiagPackage.dll,-107</Keyword>
    <Keyword>@%windir%\diagnostics\system\IEBrowseWeb\DiagPackage.dll,-109</Keyword>
    <Keyword>@%windir%\diagnostics\system\IEBrowseWeb\DiagPackage.dll,-121</Keyword>
    <Keyword>@%windir%\diagnostics\system\IEBrowseWeb\DiagPackage.dll,-122</Keyword>
    <Keyword>@%windir%\diagnostics\system\IEBrowseWeb\DiagPackage.dll,-123</Keyword>
    <Keyword>@%windir%\diagnostics\system\IEBrowseWeb\DiagPackage.dll,-125</Keyword>
    <Keyword>@%windir%\diagnostics\system\IEBrowseWeb\DiagPackage.dll,-127</Keyword>
    <Keyword>@%windir%\diagnostics\system\IEBrowseWeb\DiagPackage.dll,-128</Keyword>
  </Index>
</PackageConfiguration>
