<?xml version="1.0" encoding="utf-8"?>
<PackageConfiguration xmlns="http://www.microsoft.com/schemas/dcm/configuration/2008">
  <Execution>
    <Package Path="%windir%\diagnostics\system\IESecurity" />
    <Name>@%windir%\diagnostics\system\IESecurity\DiagPackage.dll,-1</Name>
    <Description>@%windir%\diagnostics\system\IESecurity\DiagPackage.dll,-2</Description>
    <Icon>@%windir%\diagnostics\system\IESecurity\DiagPackage.dll,-1001</Icon>
  </Execution>

  <Index>
    <Id>IESecurityDiagnostic</Id>
    <RequiresAdminPrivileges>false</RequiresAdminPrivileges>
    <PrivacyUrl>http://go.microsoft.com/fwlink/?LinkId=190175</PrivacyUrl>
    <Version>1.0</Version>
    <PublisherName>Microsoft Corporation</PublisherName>
    <Category>@%windir%\system32\DiagCpl.dll,-404</Category>
    <Keyword>@%windir%\system32\DiagCpl.dll,-20</Keyword>
    <Keyword>@%windir%\system32\DiagCpl.dll,-27</Keyword>
    <Keyword>@%windir%\diagnostics\system\IESecurity\DiagPackage.dll,-100</Keyword>
    <Keyword>@%windir%\diagnostics\system\IESecurity\DiagPackage.dll,-101</Keyword>
    <Keyword>@%windir%\diagnostics\system\IESecurity\DiagPackage.dll,-102</Keyword>
    <Keyword>@%windir%\diagnostics\system\IESecurity\DiagPackage.dll,-107</Keyword>
    <Keyword>@%windir%\diagnostics\system\IESecurity\DiagPackage.dll,-109</Keyword>
    <Keyword>@%windir%\diagnostics\system\IESecurity\DiagPackage.dll,-110</Keyword>
    <Keyword>@%windir%\diagnostics\system\IESecurity\DiagPackage.dll,-111</Keyword>
    <Keyword>@%windir%\diagnostics\system\IESecurity\DiagPackage.dll,-113</Keyword>
    <Keyword>@%windir%\diagnostics\system\IESecurity\DiagPackage.dll,-115</Keyword>
    <Keyword>@%windir%\diagnostics\system\IESecurity\DiagPackage.dll,-116</Keyword>
    <Keyword>@%windir%\diagnostics\system\IESecurity\DiagPackage.dll,-117</Keyword>
    <Keyword>@%windir%\diagnostics\system\IESecurity\DiagPackage.dll,-119</Keyword>
    <Keyword>@%windir%\diagnostics\system\IESecurity\DiagPackage.dll,-120</Keyword>
    <Keyword>@%windir%\diagnostics\system\IESecurity\DiagPackage.dll,-121</Keyword>
    <Keyword>@%windir%\diagnostics\system\IESecurity\DiagPackage.dll,-122</Keyword>
  </Index>
</PackageConfiguration>
