<?xml version="1.0" encoding="utf-8"?>
<PackageConfiguration xmlns="http://www.microsoft.com/schemas/dcm/configuration/2008">
  <Execution>
    <Package Path="%windir%\diagnostics\system\Keyboard" />
    <Name>@%windir%\diagnostics\system\Keyboard\DiagPackage.dll,-1</Name>
    <Description>@%windir%\diagnostics\system\Keyboard\DiagPackage.dll,-2</Description>
    <Icon>@%windir%\diagnostics\system\Keyboard\DiagPackage.dll,-1001</Icon>
    <Glyph>@%windir%\diagnostics\system\Keyboard\DiagPackage.dll,-103</Glyph>
  </Execution>
  <Index>
    <Id>KeyboardDiagnostic</Id>
    <RequiresAdminPrivileges>true</RequiresAdminPrivileges>
    <PrivacyUrl>https://go.microsoft.com/fwlink/?LinkId=534597</PrivacyUrl>
    <Version>1.0</Version>
    <PublisherName>Microsoft Corporation</PublisherName>
    <Category>@%windir%\system32\DiagCpl.dll,-412</Category>
    <Keyword>@%windir%\system32\DiagCpl.dll,-24</Keyword>
    <Keyword>@%windir%\diagnostics\system\Keyboard\DiagPackage.dll,-100</Keyword>
    <Keyword>@%windir%\diagnostics\system\Keyboard\DiagPackage.dll,-101</Keyword>
    <Keyword>@%windir%\diagnostics\system\Keyboard\DiagPackage.dll,-102</Keyword>
  </Index>
</PackageConfiguration>
