<?xml version="1.0" encoding="utf-8"?>
<PackageConfiguration xmlns="http://www.microsoft.com/schemas/dcm/configuration/2008">
  <Execution>
    <Package Path="%windir%\diagnostics\scheduled\Maintenance" />
    <Name>@%windir%\diagnostics\scheduled\Maintenance\DiagPackage.dll,-1</Name>
    <Description>@%windir%\diagnostics\scheduled\Maintenance\DiagPackage.dll,-2</Description>
    <Icon>@%windir%\diagnostics\scheduled\Maintenance\DiagPackage.dll,-2000</Icon>
  </Execution>

  <Index>
    <Id>MaintenanceDiagnostic</Id>
    <RequiresAdminPrivileges>false</RequiresAdminPrivileges>
    <PrivacyUrl>https://go.microsoft.com/fwlink/?LinkId=534597</PrivacyUrl>
    <Version>1.0</Version>
    <PublisherName>Microsoft Corporation</PublisherName>
    <Category>@%windir%\system32\DiagCpl.dll,-405</Category>
    <Keyword>@%windir%\system32\DiagCpl.dll,-27</Keyword>
    <Keyword>@%windir%\diagnostics\scheduled\Maintenance\DiagPackage.dll,-1003</Keyword>
    <Keyword>@%windir%\diagnostics\scheduled\Maintenance\DiagPackage.dll,-1004</Keyword>
    <Keyword>@%windir%\diagnostics\scheduled\Maintenance\DiagPackage.dll,-1009</Keyword>
    <Keyword>@%windir%\diagnostics\scheduled\Maintenance\DiagPackage.dll,-1011</Keyword>
  </Index>
</PackageConfiguration>
