<?xml version="1.0" encoding="utf-8"?>
<PackageConfiguration xmlns="http://www.microsoft.com/schemas/dcm/configuration/2008">
    <Execution>
        <Package Path="%windir%\diagnostics\system\Networking">
            <Answers Version="1.0">
                <Interaction ID="IT_EntryPoint">
                    <Value>SMB</Value>
                </Interaction>
            </Answers>
        </Package>
        <Name>@%windir%\diagnostics\system\Networking\DiagPackage.dll,-10003</Name>
        <Description>@%windir%\diagnostics\system\Networking\DiagPackage.dll,-10004</Description>
        <Icon>@%windir%\diagnostics\system\Networking\DiagPackage.dll,-20002</Icon>
        <Glyph>@%windir%\diagnostics\system\Networking\DiagPackage.dll,-21003</Glyph>
    </Execution>
<Index>
    <Id>NetworkDiagnosticsFileShare</Id>
    <RequiresAdminPrivileges>false</RequiresAdminPrivileges>
    <PrivacyUrl>http://go.microsoft.com/fwlink/?LinkID=534597</PrivacyUrl>
    <Version>3.0</Version>
    <PublisherName>Microsoft Corporation</PublisherName>
    <Category>@%windir%\system32\DiagCpl.dll,-403</Category>
    <Keyword>@%windir%\system32\DiagCpl.dll,-25</Keyword>
    <Keyword>@%windir%\diagnostics\system\Networking\DiagPackage.dll,-20020</Keyword>
    <Keyword>@%windir%\diagnostics\system\Networking\DiagPackage.dll,-20021</Keyword>
    <Keyword>@%windir%\diagnostics\system\Networking\DiagPackage.dll,-20022</Keyword>
    <Keyword>@%windir%\diagnostics\system\Networking\DiagPackage.dll,-20023</Keyword>
    <Keyword>@%windir%\diagnostics\system\Networking\DiagPackage.dll,-20024</Keyword>
    <Keyword>@%windir%\diagnostics\system\Networking\DiagPackage.dll,-20025</Keyword>
    <Keyword>@%windir%\diagnostics\system\Networking\DiagPackage.dll,-20026</Keyword>
    <Keyword>@%windir%\diagnostics\system\Networking\DiagPackage.dll,-20027</Keyword>
    <Keyword>@%windir%\diagnostics\system\Networking\DiagPackage.dll,-20028</Keyword>
    <Keyword>@%windir%\diagnostics\system\Networking\DiagPackage.dll,-20029</Keyword>
</Index>
</PackageConfiguration>
