<?xml version="1.0" encoding="utf-8"?>
<PackageConfiguration xmlns="http://www.microsoft.com/schemas/dcm/configuration/2008">
    <Execution>
        <Package Path="%windir%\diagnostics\system\Networking">
            <Answers Version="1.0">
                <Interaction ID="IT_EntryPoint">
                    <Value>DirectAccess</Value>
                </Interaction>
            </Answers>
        </Package>
        <Name>@%windir%\diagnostics\system\Networking\DiagPackage.dll,-10009</Name>
        <Description>@%windir%\diagnostics\system\Networking\DiagPackage.dll,-10010</Description>
        <Icon>@%windir%\diagnostics\system\Networking\DiagPackage.dll,-20005</Icon>
        <Glyph>@%windir%\diagnostics\system\Networking\DiagPackage.dll,-21000</Glyph>
    </Execution>
<Index>
    <Id>NetworkDiagnosticsDA</Id>
    <RequiresAdminPrivileges>false</RequiresAdminPrivileges>
    <PrivacyUrl>http://go.microsoft.com/fwlink/?LinkID=534597</PrivacyUrl>
    <Version>3.0</Version>
    <PublisherName>Microsoft Corporation</PublisherName>
    <Category>@%windir%\system32\DiagCpl.dll,-403</Category>
    <Keyword>@%windir%\system32\DiagCpl.dll,-25</Keyword>
    <Keyword>@%windir%\diagnostics\system\Networking\DiagPackage.dll,-20040</Keyword>
    <Keyword>@%windir%\diagnostics\system\Networking\DiagPackage.dll,-20041</Keyword>
    <Keyword>@%windir%\diagnostics\system\Networking\DiagPackage.dll,-20042</Keyword>
    <Keyword>@%windir%\diagnostics\system\Networking\DiagPackage.dll,-20044</Keyword>
    <Keyword>@%windir%\diagnostics\system\Networking\DiagPackage.dll,-20045</Keyword>
    <Keyword>@%windir%\diagnostics\system\Networking\DiagPackage.dll,-20046</Keyword>
    <Keyword>@%windir%\diagnostics\system\Networking\DiagPackage.dll,-20047</Keyword>
</Index>
</PackageConfiguration>
