<?xml version="1.0" encoding="utf-8"?>
<PackageConfiguration xmlns="http://www.microsoft.com/schemas/dcm/configuration/2008">
    <Execution>
        <Package Path="%windir%\diagnostics\system\Networking">
            <Answers Version="1.0">
                <Interaction ID="IT_EntryPoint">
                    <Value>HTTP</Value>
                </Interaction>
            </Answers>
        </Package>
        <Name>@%windir%\diagnostics\system\Networking\DiagPackage.dll,-10001</Name>
        <Description>@%windir%\diagnostics\system\Networking\DiagPackage.dll,-10002</Description>
        <Icon>@%windir%\diagnostics\system\Networking\DiagPackage.dll,-20001</Icon>
        <Glyph>@%windir%\diagnostics\system\Networking\DiagPackage.dll,-21004</Glyph>
    </Execution>
<Index>
    <Id>NetworkDiagnosticsWeb</Id>
    <RequiresAdminPrivileges>false</RequiresAdminPrivileges>
    <PrivacyUrl>http://go.microsoft.com/fwlink/?LinkID=534597</PrivacyUrl>
    <Version>3.0</Version>
    <PublisherName>Microsoft Corporation</PublisherName>
    <Category>@%windir%\system32\DiagCpl.dll,-403</Category>
    <Keyword>@%windir%\system32\DiagCpl.dll,-25</Keyword>
    <Keyword>@%windir%\system32\DiagCpl.dll,-20</Keyword>
    <Keyword>@%windir%\diagnostics\system\Networking\DiagPackage.dll,-20001</Keyword>
    <Keyword>@%windir%\diagnostics\system\Networking\DiagPackage.dll,-20002</Keyword>
    <Keyword>@%windir%\diagnostics\system\Networking\DiagPackage.dll,-20010</Keyword>
    <Keyword>@%windir%\diagnostics\system\Networking\DiagPackage.dll,-20011</Keyword>
    <Keyword>@%windir%\diagnostics\system\Networking\DiagPackage.dll,-20013</Keyword>
    <Keyword>@%windir%\diagnostics\system\Networking\DiagPackage.dll,-20014</Keyword>
    <Keyword>@%windir%\diagnostics\system\Networking\DiagPackage.dll,-20015</Keyword>
    <Keyword>@%windir%\diagnostics\system\Networking\DiagPackage.dll,-20016</Keyword>
    <Keyword>@%windir%\diagnostics\system\Networking\DiagPackage.dll,-20017</Keyword>
</Index>
</PackageConfiguration>