<?xml version="1.0" encoding="utf-8"?>
<PackageConfiguration xmlns="http://www.microsoft.com/schemas/dcm/configuration/2008">
    <Execution>
        <Package Path="%windir%\diagnostics\system\Networking">
            <Answers Version="1.0">
                <Interaction ID="IT_EntryPoint">
                    <Value>Inbound</Value>
                </Interaction>
            </Answers>
        </Package>
        <Name>@%windir%\diagnostics\system\Networking\DiagPackage.dll,-10007</Name>
        <Description>@%windir%\diagnostics\system\Networking\DiagPackage.dll,-10008</Description>
        <Icon>@%windir%\diagnostics\system\Networking\DiagPackage.dll,-20004</Icon>
        <Glyph>@%windir%\diagnostics\system\Networking\DiagPackage.dll,-21001</Glyph>
    </Execution>
<Index>
    <Id>NetworkDiagnosticsInbound</Id>
    <RequiresAdminPrivileges>false</RequiresAdminPrivileges>
    <PrivacyUrl>http://go.microsoft.com/fwlink/?LinkID=534597</PrivacyUrl>
    <Version>3.0</Version>
    <PublisherName>Microsoft Corporation</PublisherName>
    <Category>@%windir%\system32\DiagCpl.dll,-403</Category>
    <Keyword>@%windir%\system32\DiagCpl.dll,-25</Keyword>
    <Keyword>@%windir%\diagnostics\system\Networking\DiagPackage.dll,-20025</Keyword>
    <Keyword>@%windir%\diagnostics\system\Networking\DiagPackage.dll,-20026</Keyword>
    <Keyword>@%windir%\diagnostics\system\Networking\DiagPackage.dll,-20027</Keyword>
    <Keyword>@%windir%\diagnostics\system\Networking\DiagPackage.dll,-20002</Keyword>
    <Keyword>@%windir%\diagnostics\system\Networking\DiagPackage.dll,-20050</Keyword>
    <Keyword>@%windir%\diagnostics\system\Networking\DiagPackage.dll,-20051</Keyword>
    <Keyword>@%windir%\diagnostics\system\Networking\DiagPackage.dll,-20054</Keyword>
    <Keyword>@%windir%\diagnostics\system\Networking\DiagPackage.dll,-20055</Keyword>
    <Keyword>@%windir%\diagnostics\system\Networking\DiagPackage.dll,-20056</Keyword>
    <Keyword>@%windir%\diagnostics\system\Networking\DiagPackage.dll,-20058</Keyword>
    <Keyword>@%windir%\diagnostics\system\Networking\DiagPackage.dll,-20059</Keyword>
</Index>
</PackageConfiguration>
