<?xml version="1.0" encoding="utf-8"?>
<PackageConfiguration xmlns="http://www.microsoft.com/schemas/dcm/configuration/2008">
  <Execution>
    <Package Path="%windir%\diagnostics\system\Power" />
    <Name>@%windir%\diagnostics\system\Power\DiagPackage.dll,-1</Name>
    <Description>@%windir%\diagnostics\system\Power\DiagPackage.dll,-2</Description>
    <Icon>@%windir%\diagnostics\system\Power\DiagPackage.dll,-1001</Icon>
    <Glyph>@%windir%\diagnostics\system\Power\DiagPackage.dll,-200</Glyph>
  </Execution>

  <Index>
    <Id>PowerDiagnostic</Id>
    <RequiresAdminPrivileges>true</RequiresAdminPrivileges>
    <PrivacyUrl>https://go.microsoft.com/fwlink/?LinkId=534597</PrivacyUrl>
    <Version>1.5</Version>
    <PublisherName>Microsoft Corporation</PublisherName>
    <Category>@%windir%\system32\DiagCpl.dll,-409</Category>
    <Keyword>@%windir%\system32\DiagCpl.dll,-27</Keyword>
    <Keyword>@%windir%\diagnostics\system\Power\DiagPackage.dll,-100</Keyword>
    <Keyword>@%windir%\diagnostics\system\Power\DiagPackage.dll,-101</Keyword>
    <Keyword>@%windir%\diagnostics\system\Power\DiagPackage.dll,-103</Keyword>
    <Keyword>@%windir%\diagnostics\system\Power\DiagPackage.dll,-105</Keyword>
    <Keyword>@%windir%\diagnostics\system\Power\DiagPackage.dll,-106</Keyword>
    <Keyword>@%windir%\diagnostics\system\Power\DiagPackage.dll,-107</Keyword>
    <Keyword>@%windir%\diagnostics\system\Power\DiagPackage.dll,-110</Keyword>
    <Keyword>@%windir%\diagnostics\system\Power\DiagPackage.dll,-112</Keyword>
  </Index>
</PackageConfiguration>
