<?xml version="1.0" encoding="utf-8"?>
<PackageConfiguration xmlns="http://www.microsoft.com/schemas/dcm/configuration/2008">
  <Execution>
    <Package Path="%windir%\diagnostics\system\Printer" />
    <Package Path="%windir%\diagnostics\system\Networking">
      <Answers Version="1.0">
        <Interaction ID="IT_EntryPoint">
          <Value>%PRINTERTYPE%</Value>
        </Interaction>
        <Interaction ID="IT_RemoteAddress">
          <Value>%TCP_PRINTERADDRESS%</Value>
        </Interaction>
        <Interaction ID="IT_Protocol">
          <Value>6</Value>
        </Interaction>
        <Interaction ID="IT_ApplicationID">
          <Value>%windir%\system32\spoolsv.exe</Value>
        </Interaction>
        <Interaction ID="IT_UNC">
          <Value>%SMBSHARE%</Value>
        </Interaction>
      </Answers>
      <RequiredContext>
        <Parameter>PRINTERTYPE</Parameter>
      </RequiredContext>
    </Package>
    <Package Path="%windir%\diagnostics\system\Device">
      <Answers Version="1.0">
        <Interaction ID="IT_SelectDevice">
          <Value>%DEVICEID%</Value>
        </Interaction>
      </Answers>
      <RequiredContext>
          <Parameter>DEVICEID</Parameter>
      </RequiredContext>
    </Package>
    <Name>@%windir%\diagnostics\system\Printer\DiagPackage.dll,-1</Name>
    <Description>@%windir%\diagnostics\system\Printer\DiagPackage.dll,-2</Description>
    <Icon>@%windir%\diagnostics\system\Printer\DiagPackage.dll,-1001</Icon>
    <Glyph>@%windir%\diagnostics\system\Printer\DiagPackage.dll,-24</Glyph>
  </Execution>

  <Index>
    <Id>PrinterDiagnostic</Id>
    <RequiresAdminPrivileges>true</RequiresAdminPrivileges>
    <PrivacyUrl>https://go.microsoft.com/fwlink/?LinkId=534597</PrivacyUrl>
    <Version>4.0</Version>
    <PublisherName>Microsoft Corporation</PublisherName>
    <Category>@%windir%\system32\DiagCpl.dll,-410</Category>
    <Keyword>@%windir%\system32\DiagCpl.dll,-20</Keyword>
    <Keyword>@%windir%\system32\DiagCpl.dll,-24</Keyword>
    <Keyword>@%windir%\diagnostics\system\Printer\DiagPackage.dll,-10</Keyword>
    <Keyword>@%windir%\diagnostics\system\Printer\DiagPackage.dll,-11</Keyword>
    <Keyword>@%windir%\diagnostics\system\Printer\DiagPackage.dll,-12</Keyword>
    <Keyword>@%windir%\diagnostics\system\Printer\DiagPackage.dll,-15</Keyword>
    <Keyword>@%windir%\diagnostics\system\Printer\DiagPackage.dll,-18</Keyword>
    <Keyword>@%windir%\diagnostics\system\Printer\DiagPackage.dll,-19</Keyword>
    <Keyword>@%windir%\diagnostics\system\Printer\DiagPackage.dll,-23</Keyword>
    <Keyword>@%windir%\system32\DiagCpl.dll,-25</Keyword>
  </Index>
</PackageConfiguration>
