<?xml version="1.0" encoding="utf-8"?>
<PackageConfiguration xmlns="http://www.microsoft.com/schemas/dcm/configuration/2008">
  <Execution>
    <Package Path="%windir%\diagnostics\system\Search" />
    <Name>@%windir%\diagnostics\system\Search\DiagPackage.dll,-1</Name>
    <Description>@%windir%\diagnostics\system\Search\DiagPackage.dll,-2</Description>
    <Icon>@%windir%\diagnostics\system\Search\DiagPackage.dll,-1001</Icon>
    <Glyph>@%windir%\diagnostics\system\Search\DiagPackage.dll,-19</Glyph>
  </Execution>

  <Index>
    <Id>SearchDiagnostic</Id>
    <RequiresAdminPrivileges>false</RequiresAdminPrivileges>
    <PrivacyUrl>https://go.microsoft.com/fwlink/?LinkId=534597</PrivacyUrl>
    <Version>1.0</Version>
    <PublisherName>Microsoft Corporation</PublisherName>
    <Category>@%windir%\system32\DiagCpl.dll,-412</Category>
    <Keyword>@%windir%\system32\DiagCpl.dll,-27</Keyword>
    <Keyword>@%windir%\diagnostics\system\Search\DiagPackage.dll,-10</Keyword>
    <Keyword>@%windir%\diagnostics\system\Search\DiagPackage.dll,-11</Keyword>
    <Keyword>@%windir%\diagnostics\system\Search\DiagPackage.dll,-12</Keyword>
    <Keyword>@%windir%\diagnostics\system\Search\DiagPackage.dll,-13</Keyword>
    <Keyword>@%windir%\diagnostics\system\Search\DiagPackage.dll,-14</Keyword>
    <Keyword>@%windir%\diagnostics\system\Search\DiagPackage.dll,-15</Keyword>
    <Keyword>@%windir%\diagnostics\system\Search\DiagPackage.dll,-16</Keyword>
    <Keyword>@%windir%\diagnostics\system\Search\DiagPackage.dll,-17</Keyword>
    <Keyword>@%windir%\diagnostics\system\Search\DiagPackage.dll,-18</Keyword>
  </Index>
</PackageConfiguration>
