<?xml version="1.0" encoding="UTF-8"?>
<PackageConfiguration xmlns="http://www.microsoft.com/schemas/dcm/configuration/2008">
  <Execution>
    <Package Path="%windir%\diagnostics\system\Video"/>
      <Name>@%windir%\diagnostics\system\Video\DiagPackage.dll,-1</Name>
      <Description>@%windir%\diagnostics\system\Video\DiagPackage.dll,-2</Description>
      <Icon>@%windir%\diagnostics\system\Video\DiagPackage.dll,-1001</Icon>
      <Glyph>@%windir%\diagnostics\system\Video\DiagPackage.dll,-31</Glyph>
  </Execution>
  <Index>
    <Id>VideoPlaybackDiagnostic</Id>
    <RequiresAdminPrivileges>true</RequiresAdminPrivileges>
    <PrivacyUrl>https://go.microsoft.com/fwlink/?LinkId=534597</PrivacyUrl>
    <Version>3.0</Version>
    <PublisherName>Microsoft Corporation</PublisherName>
    <Category>@%windir%\system32\DiagCpl.dll,-412</Category>
    <Keyword>@%windir%\system32\DiagCpl.dll,-24</Keyword>
    <Keyword>@%windir%\diagnostics\system\Video\DiagPackage.dll,-10</Keyword>
    <Keyword>@%windir%\diagnostics\system\Video\DiagPackage.dll,-20</Keyword>
    <Keyword>@%windir%\diagnostics\system\Video\DiagPackage.dll,-30</Keyword>
  </Index>
</PackageConfiguration>