<?xml version="1.0" encoding="utf-8"?>
<PackageConfiguration xmlns="http://www.microsoft.com/schemas/dcm/configuration/2008">
  <Execution>
    <Package Path="%windir%\diagnostics\system\WindowsMediaPlayerConfiguration" />
    <Name>@%windir%\diagnostics\system\WindowsMediaPlayerConfiguration\DiagPackage.dll,-1</Name>
    <Description>@%windir%\diagnostics\system\WindowsMediaPlayerConfiguration\DiagPackage.dll,-2</Description>
    <Icon>@%windir%\diagnostics\system\WindowsMediaPlayerConfiguration\DiagPackage.dll,-1001</Icon>
  </Execution>

  <Index>
    <Id>WindowsMediaPlayerConfigurationDiagnostic</Id>
    <RequiresAdminPrivileges>false</RequiresAdminPrivileges>
    <PrivacyUrl>http://go.microsoft.com/fwlink/?LinkId=190175</PrivacyUrl>
    <Version>1.0</Version>
    <PublisherName>Microsoft Corporation</PublisherName>
    <Category>@%windir%\system32\DiagCpl.dll,-411</Category>
    <Keyword>@%windir%\system32\DiagCpl.dll,-20</Keyword>
    <Keyword>@%windir%\diagnostics\system\WindowsMediaPlayerConfiguration\DiagPackage.dll,-200</Keyword>
    <Keyword>@%windir%\diagnostics\system\WindowsMediaPlayerConfiguration\DiagPackage.dll,-203</Keyword>
    <Keyword>@%windir%\diagnostics\system\WindowsMediaPlayerConfiguration\DiagPackage.dll,-204</Keyword>
    <Keyword>@%windir%\diagnostics\system\WindowsMediaPlayerConfiguration\DiagPackage.dll,-206</Keyword>
  </Index>
</PackageConfiguration>
