<?xml version="1.0" encoding="utf-8"?>
<PackageConfiguration xmlns="http://www.microsoft.com/schemas/dcm/configuration/2008">
  <Execution>
    <Package Path="%windir%\diagnostics\system\WindowsUpdate" />
    <Package Path="%windir%\diagnostics\system\BITS" />
    <Package Path="%windir%\diagnostics\system\Networking">
      <Answers Version="1.0">
        <Interaction ID="IT_EntryPoint">
          <Value>http</Value>
        </Interaction>
        <Interaction ID="IT_WebChoice">
          <Value>Internet</Value>
        </Interaction>
      </Answers>
      <RequiredContext>
        <Parameter>ScanFailure</Parameter>
      </RequiredContext>
    </Package>
    <Name>@%windir%\diagnostics\system\WindowsUpdate\DiagPackage.dll,-16804</Name>
    <Description>@%windir%\diagnostics\system\WindowsUpdate\DiagPackage.dll,-16805</Description>
    <Icon>@%windir%\diagnostics\system\WindowsUpdate\DiagPackage.dll,-1001</Icon>
    <Glyph>@%windir%\diagnostics\system\WindowsUpdate\DiagPackage.dll,-15</Glyph>
  </Execution>

  <Index>
    <Id>WindowsUpdateDiagnostic</Id>
    <RequiresAdminPrivileges>true</RequiresAdminPrivileges>
    <PrivacyUrl>https://go.microsoft.com/fwlink/?LinkId=534597</PrivacyUrl>
    <Version>9.2</Version>
    <PublisherName>Microsoft Corporation</PublisherName>
    <Category>@%windir%\system32\DiagCpl.dll,-412</Category>
    <Keyword>@%windir%\system32\DiagCpl.dll,-27</Keyword>
    <Keyword>@%windir%\diagnostics\system\WindowsUpdate\DiagPackage.dll,-10</Keyword>
    <Keyword>@%windir%\diagnostics\system\WindowsUpdate\DiagPackage.dll,-11</Keyword>
    <Keyword>@%windir%\diagnostics\system\WindowsUpdate\DiagPackage.dll,-12</Keyword>
    <Keyword>@%windir%\diagnostics\system\WindowsUpdate\DiagPackage.dll,-13</Keyword>
    <Keyword>@%windir%\diagnostics\system\WindowsUpdate\DiagPackage.dll,-14</Keyword>
  </Index>
</PackageConfiguration>