<?xml version="1.0" encoding="utf-8"?>
<scpd xmlns="urn:schemas-upnp-org:service-1-0">
    <specVersion>
        <major>1</major>
        <minor>0</minor>
    </specVersion>
    <actionList>
        <action>
            <name>ListPresets</name>
            <argumentList>
                <argument>
                    <name>InstanceID</name>
                    <direction>in</direction>
                    <relatedStateVariable>A_ARG_TYPE_InstanceID</relatedStateVariable>
                </argument>
                <argument>
                    <name>CurrentPresetNameList</name>
                    <direction>out</direction>
                    <relatedStateVariable>PresetNameList</relatedStateVariable>
                </argument>
            </argumentList>
        </action>
        <action>
            <name>SelectPreset</name>
            <argumentList>
                <argument>
                    <name>InstanceID</name>
                    <direction>in</direction>
                    <relatedStateVariable>A_ARG_TYPE_InstanceID</relatedStateVariable>
                </argument>
                <argument>
                    <name>PresetName</name>
                    <direction>in</direction>
                    <relatedStateVariable>A_ARG_TYPE_PresetName</relatedStateVariable>
                </argument>
            </argumentList>
        </action>
    </actionList>
    <serviceStateTable>
        <stateVariable sendEvents="yes">
            <name>LastChange</name>
            <dataType>string</dataType>
        </stateVariable>
        <stateVariable sendEvents="no">
            <name>PresetNameList</name>
            <dataType>string</dataType>
            <allowedValueList>
                <allowedValue>FactoryDefaults</allowedValue>
            </allowedValueList>
        </stateVariable>
        <stateVariable sendEvents="no">
            <name>A_ARG_TYPE_InstanceID</name>
            <dataType>ui4</dataType>
        </stateVariable>
        <stateVariable sendEvents="no">
            <name>A_ARG_TYPE_PresetName</name>
            <dataType>string</dataType>
            <allowedValueList>
                <allowedValue>FactoryDefaults</allowedValue>
            </allowedValueList>
        </stateVariable>
    </serviceStateTable>
</scpd>

